frequency,phase,magnitude,temperature
100,-104.10549593843665,34.11236420613602,25
200,-127.29560553511688,17.41569236993369,26
frequency,phase,magnitude,temperature
100,-104.10549593843665,34.11236420613602,25
200,-127.29560553511688,17.41569236993369,26
