frequency,phase,magnitude,temperature
20,-86.08035125748826,106.2982432157288,25
30,-119.66164698191187,82.48341259155254,25
40,-153.0125723695185,142.15385301894838,25
500000,98.8724834042844,663.8134175008511,25
10000,29.817417665853892,67.24968074134864,25
100000,-174.88476074255058,105.53923721956656,25
300000,-174.5619679032557,164.6453264238636,25
